label,text,text_length,real_review
5,nice  fast delivery the material of the bag is kind of soft but having nice feeling love it,18,1
5,ok absorb but not totally dry,6,1
5,dishonest seller bought 6 pcs of masks and 1 pcs strip came off contacted seller and agreed to issue me a 390 discount code for a new order  was scammed after they received my preious order payment then canceled my new order so ridiculous  asked me to reorder 1 pcs then they will send me 2 ,56,0
5,super fast delivery good price for great product ,8,1
5,responsive seller and good product delivery a bit slow may consider change to other logistics provider,16,1
5,prompt delivery and well packed value for money hope it lasts ,11,1
4,definitely value for money ,4,1
5,responsive seller smooth transaction thank you so much ,8,0
5,good and cheapno regrets,4,1
5,fast arrive take around 3 days  happy with it  sound not to bad but when calling ppl have abit of buzz sound  hope it can last long  ,27,1
5,delivery is acceptable nice color and fix well my mom like it ,12,1
5,good quality came in good packaging overall ok thank youuuu,10,1
5,good deal received in good condition definitely cheaper than watsons and guardian,12,1
5,fast delivery and good product will continued purchases ,8,1
5,earrings are so beautiful amd elegantlooking the seller also gave me discount card since i bought a lot thank you,20,1
5,got it at a flash sale so pretty worth it delivery was quite fast adequate packaging,16,1
5,nice scale not sure if it is accurate but have some reading for weight loss reference ,16,1
5,really worth the seller sells it the cheapest  gss price was way better  been eyeing it for very long but just couldnt bear to pay but in the end i got it ,32,1
5,very nice colour n affordable quality is good too thank u,11,1
5,item seems pretty decent sized for a young child really affordable too,12,1
5,i received the item today it is earlier than expected it is well protected in a bubble envelope i like it very much i have not tried yet thank you shopee shopeehaul,32,0
5,bubbled wrapped and fast semding out by the seller thanks seller ,11,0
5,very good quality package received in order thank you very much,11,1
5,item is really big good back is waterproof material but dimension is not accurate i measured is just 2m x 19m ,21,1
5,item comes in good condition happy with my purchase wouldnt complain for the price i paid,16,1
5,purchase only if youre not in a hurry to use the items otherwise quality is fine ,16,1
5,second purchase lowest price found here and shops hehehehe,9,1
5,received good appearance not yet use,6,0
5,well packaged and fast shipping recommended ,6,0
5,fast delivery and well packed the kids love it recommend this ,11,1
4,prompt delivery texture is very silky bought size xxl for normal wear of m,14,1
4,not suit to my bathroom the adjustment is not really flexible ,11,0
5,my fav buy is this calculator cause its damn pretty baby pink and too cute,15,1
5,great material and quality also fast delivery best buy ever  ,10,1
5,took awhile but came in one piece and still cheap so no complains ,13,1
5,works as advertised,3,1
5,thank you for the small free gift delivery took awhile to reach ordered on 266 received on 47 ,18,0
5,very nice and fitting ,4,1
5,delivery took 2 weeks item is quite cute and cheap will buy again if good,15,0
5,fast delivery and timely updates reliable product works well thumbs up  ,11,1
5,fast deliveryseller give two free packs of potato chips,9,0
5,nice colour and good quality,5,1
5,good material will buy other colors thanks seller ,8,1
5,bag seem a little smaller but over all is nice,10,1
5,well wrapped and authentic sealed as well thank you seller,10,1
5,although wait quite awhile but understood it covi situation well received still not use yet looks nice,17,0
5,nice sandal and good quality ,5,1
5,delivery took quite long but earliest as compared to other sellers thank u,13,0
5,works well charging right now with this i can play while charging  also it wont be so hot as compared to putting the console in the dock ,27,1
5,items received and very soft cloth  but couldnt see there 6 layer protection the cloth i can feel its just 1 layer ,22,0
5,same as picture good,4,1
5,i bought one size bigger as i have big hips thankfully it fits soft material and i like it,19,1
5,good quality and colour is the same as the picture shown in it,13,1
5,good product appropriate if shipping more faster takes over 2 weeks ,11,1
5,thanks for free gss pack ,5,0
5,fast delivery the price is super worth it lower than normal retail price,13,1
5,item delivered as expected,4,1
5,great quality quality was superb works very well on all surfaces,11,1
5,fast delivery and the machine is good for 15 min wash,11,1
5,great seller really like the polymailer fast shipping thank you,10,0
5,its good even not the color i want but its ok nice one,13,1
5,was well packaged but the delivery was abit long but its fine honestly the mochi taste better than the chocolate and the chocolate one wasnt given alot too ,28,1
5,received in good condition very fast delivery worth buying,9,0
5,fast delivery in a week thanks for the free gift extra sponge material is thick and good ,17,1
4,just received but yet to try hope that this is useful to relax my muscle after workout ,17,0
5,fits maclaren techno xt handles nicely stitching couldve been better ,10,1
5,perfect packaging qc checked all good 4 functions working well  im loving it highly recommended ,15,1
4,received fast have not tried yet hope it is nice,10,0
5,good product quality is not the best but its really cheap so cant complain,14,1
5,stickers were very cute and worth the price,8,1
5,came bubble wrapped and in a box looks premium and sturdy hope itll help with my dandruff issues,18,0
5,item packed in a thick styrofoam to prevent glass from breaking or crack good packagingreceived ard 1week plus sadly did not receive the camera protector that is stated,28,0
5,expiry date is long only expired at 2023 bird nest is those cheap cheap kind like cant really drink the nest but for this price nth to expect can just take it as a dessert drink ,36,1
5,item looks the same as shown worth the price and fast deliver,12,1
5,product received in very good condition,6,0
5,smooth delivery strudel came great and tasted yummy too thanks,10,1
5,like it fast delivery,4,0
5,items came as ordered i cant wait to get started thank you,12,0
5,arrived in good order although the delay is pretty massive  thanks anyway ,12,0
5,very cute its slightly bigger than usual cover but its too cute to care about that quality is good and price is cheap good buy,25,1
5,worth the price useful and will purchase from you again,10,1
5,ants ants ants ants ants everywhere i really hope this works hvnt tried,13,0
5,good quality with priceill buy it more,7,1
4,item received in good condition all is well but too big for my 19 months at this moment,18,1
5,happy with my purchase ,4,1
5,working product not bright enough but for the price paid cant complain ,12,1
5,very good blender comes with dry and wet mill jug and mill are made with glass although heavy but is easily clean high recommendation for this blender model ,28,1
5,ordered on 12 july and received on 14 july chose this seller cause of good reviews on delivery price is also cheaper than ntuc nice will repurchase ,27,1
5,received within 24hrs fast delivery,5,0
5,nice will order again,4,1
5,delivery took 1wk cheapest among everywhere worth it but need order when ur stock start running lowelse need wait,19,1
5,seller shipped out the next day and received in a few days super fast thanks,15,0
5,slow delivery and item seems small but overall great item thou ,11,1
5,item nicely packed ,3,0
5,waited for restock because i love the orchid design  its my second purchased delivery took about a week parcel was well packaged mask is really beautiful material is quite thin  soft ideal for sg weather price was affordable since its batik seller is also very nice to exchange my order ,50,1
5,been using this product great product and reliable seller on this site thanks,13,1
5,well packed thank you sellerbuying second set,7,0
5,code is received within minutes from buying highly recommended ,9,1
5,order came neatly packed in a box with bubble wrap earring is shiny and nice earring stopper is from plastic though seller gave 5 extra plastic stoppers and also free hair tie totally satisfied for a 099 purchase  thank you,40,1
5,super fast delivery box came with some dents but its ok as long as it is working yet to test though thanks seller,23,0
5,all in good condition ,4,1
5,bought it for my grandson as he loves jurassic dinosaur very much all pieces are received intact ,17,1
5,bought many times from here and love the quality as always,11,1
4,manage to order the photos online the price is 2490502190 shipping slightly costly due to the unexpected cost of 50 have yet to receive the item might edit my reviews and rate accordingly after depends on the quality,38,0
5,fast delivery looks good came in 6 days from order ,10,0
5,received within 2 days bubble wrapped and speedy delivery looks decent in quality thank you seller ,16,0
5,quite fast delivery tried item today was nice and refreshing,10,1
5,order received quite fast item is as shown good ,9,1
5,delivery wasnt too bad received within a week of ordering i like the material of the shirt ,17,1
5,received within a week good deal bought during flash sale for 3550,12,1
5,super fast deliveryhighly recommended   ,4,0
5,super cute material is not bad too worth it  i really like it thank you,15,1
5,order was nicely packaged and delivered to me i really like it as not only a affordable price but also its a very cute earpiece and conditions are good ,29,1
5,item was packed in bubble wrapped and was stated as fragile  super loveeee the smell item was shipped out asap too thank u will few repeat order ,27,1
5,ordered on 09 june night delivered 11 june after lunch authentic works as reviewed though at this point the amazfit app connection to strava is broken nothing to do with the seller recommended seller,34,1
5,nice and sturdy good buy ,5,1
5,items received in good conditionnicely packageddelivery was quite fast ,9,1
5,very well made pleasantly surprised,5,1
5,fast delivery from overseas under 10days item received in good condition bought from seller at a good price definately cheaper than local sellers in sg ,25,1
5,item arrived properly packaged looks true to picture and description,10,1
5,good quality stainless steel with leak proof cover,8,1
4,packaging changed hope the product is the same as i previously ordered,12,0
5,love this so cute and small and the retractable quality is really good cos the car moves really far,19,1
5,fast delivery  received in good condition thank you seller  ,9,0
5,the round ones are perfect ,5,1
5,shampoo came with free coffee sachets and was nicely packaged,10,0
4,nice wallet quality look good ,5,1
5,received everything in good condition have not played with it yet hope its fun for the kids,17,0
5,nice stretch good material will definately repurchase another item  love love love love it ,14,1
5,items received at this timing lucky at home items is super nice love it,14,1
5,item was as described and works without any problems tested on my iptv box and pc wifi card both working seller shipped item fast delivery took about 2weeks total last mile delivery with snail mail sing post takes forever,39,1
5,ordered on 275 received on 56 quite fast bought for a friend packaging is very pretty thanks for the free samples,21,0
5,bracelet is so beautiful value for money,7,1
5,material is nice  comfortable to wear straight cut not flared size is abit small should take one size up thanks ,20,1
5,received in good condition will buy from this seller again ,10,0
5,affordable product order arrived wrongly but shop quick in reply and exchange great service however i was not able to return the wrong order as i missed the courier happy with service and product delivery came in about a week,40,1
5,1 ordered on 2606 received on 2706 2 packed with lots of biodegradable air cushions in a box very well protected 3 mfg date is 200220 made in thailand 4 cream feels and smells amazing  but it reminds me of a shampoo slight tingling when first applied but thats just my skin,52,1
5,helping a friend to get it been buying from the seller thank you,13,0
5,dodos product is always good perfect to pair with porridge ,10,1
4,very fast delivery and tried out e triggers and it work well but the holder was too small for my iphone xr what a pity very nice of seller to include extra keychains thanks,34,1
5,items well packed and received thanks for the samples as well ,11,0
5,size is large enough to fit the oversized book which is larger than the a4 envelope,16,1
5,lovely dress,2,1
5,very good material and nice design to choose delivery took some time too delivery by speedpost thank you very much,20,0
5,great,1,1
5,item received in great condition used it once and it works perfectly well,13,1
5,toothbrushes were packed in a black plastic bag as shown but i cant complain as the toothbrushes are intact and not damaged i usually buy from venus but the shops are closed due to circuit breaker and the online venus doesnt sell delivery time was acceptable ,46,0
5,loving this purchase for someone who likes really hard firm pillow i am very satisfied with the item the only downside is the smell of the chicken feathers that is prolly used in the pillow prolly need to febreeze and hang it in open sun more often to rid of the smell,52,1
5,its beautiful seller was very prompt in confirming the order  arrived safe and sound in good condition ,17,1
5,shipping was fast price is reasonable too have not fix it yet hope quality is as described thank you seller ,20,0
5,neat set presented in a woven bag bought it during sale hope there will be more sale to come ,19,0
5,delivery took about a week the quality is smooth and thin not too hot for our weather the waistband of the pants is rather small though,26,1
5,received items in good condition but yet to try it hope it lasts,13,0
5,nice  i really like it and its the perfect size for my neck hehe,14,1
5,bought the game as a bundle together with the console so its cheaper the game is so fun and addictive ,20,1
5,works well and its really nice powered by battery ,9,1
5,ordered 1 and receiving the following day with other items ,10,0
5,ordered item on 15 may and received today on 20 may delivery is via ninja van and its really a reliable logistics provider seller was prompt in replies just started using and seems quite promising ,35,0
5,fast delivery tq for the freegift ,6,0
5,fast delivery product quality is also good i will buy again ,11,1
5,very good variety of stickers quality pretty good as well,10,1
5,pretty good camera just that it is hard to scope on certain angle ,13,1
5,really convenient and fast  used it on the spot very easy to use also and just present them the code in the email and youre all set,27,1
5,seller is very patient and understanding item in good conditions thank you,12,0
5,considered fast delivery given that it is shipped from china yet to test out the items,16,0
5,test able charge ,3,0
5,just received items are in good condition cant wait to try ,11,0
5,good quality wanna use it for projector but only works on my oppo reno zoom weird that its not working on oppo reno 1 and oppo reno 3 anyways 5 stars for gd working condition  ,35,1
5,exactly what i wanted and its already packed with batteries so i can use it immediately great ,17,1
5,item packed nicely  havent yet try thank you so much,10,0
5,comes properly packed in a big box will buy again if it works for my laundry thank you seller for proper packaging and prompt delivery trusted and professional seller thank you ,31,0
5,items were packed in bubble wrap and delivered fast my son loves it thank you,15,1
5,good quality bag item is exact to picture thank you seller ,11,1
4,item received but one of the lens left side is very loose and kept falling to the front but overall not bad ,22,1
5,nicely made very convenient to use use it almost everyday,8,1
5,very good buy easy to connect just plug into my laptop like a wireless mouse ,15,1
5,item received in good condition love it suits well with my baby cot ,13,1
5,item well received and delivery promptly yet to try  hope it works heard lots of good reviews for this will purchase again if it works thank you,27,0
5,they love it thats all matters great service and item is in good conditionawesome,14,1
5,delivery took a while to arrive product came well packaged and quality looks ok yet to use,16,0
5,recevied the socks in good condition tried it on the material feels good feels breathable thanks,16,1
5,well received  fast delivery ordered on 5th may and received on 8th may ,13,0
5,fast delivery within 1week,4,0
5,good quality it really works for myself recommended seller thanks my 2nd time buying,14,1
5,well received came in a box and bubble wrapped its a gift for friend hope she likes it ,18,0
5,ordered for the 2nd time for sensory play purposes aqua ball easy to disperse though but ok for price paid my son likes it,24,1
5,item came packaged in bubble wrap and was in good condition order took 9 days to arrive which was ok for me important to check compatibility if you are upgrading,30,0
5,if you want a cozy  esthetically pleasing bed room you should get this ,13,1
5,small but cute,3,1
5,package was delivered extremely fast and products came in great condition ,11,0
5,fast delivery and good buy ,5,1
5,really pretty colour and has glitter in it too  really happy with this purchase fast shipping too  excited to try,20,0
4,not the fastest delivery but quality not bad looks like the pic thanks,13,1
4,not too bad quality hope can last,7,1
5,items received in good condition and this time round the delivery was quite fast as i ordered 3 cartons seller informed that the delivery will come in 2 batches due to the weight limit repeat purchase from seller again ,39,0
5,thank you seller comes with free sample,7,0
5,still trying to figure of using it ,7,0
5,a very good quality buy i like it alot,9,1
5,fast delivery and had purchased two but one was sent by courier the other one was sent to letter box anyway the item is worth for its price thank you seller,31,1
5,yes the items quite ok quality  and shipping a bit long time  maybe because of the covid 19  anyway thanks you and ill come back shopping again ,27,1
5,currently using 1 of the 10 that came really useful since theres a duster at the cap love it,19,1
5,fast and efficient delivery managed to grab one box during flash deal hope seller will hold more of such flash deals thanks ,22,0
5,received in a week expiry date in 2022 thank you ,10,0
5,item received within 2 week second purchase satisfied with purchase ,10,0
5,responsive and helpful seller good product surely will buy from them again,12,1
5,nice rice cooker i have tried it awesome lovin it ,10,1
5,size 45 is actually small for my fat son so use as toy for youngest and relax for eldest,19,1
5,fast delivery good deal came nicely wrapped and working well thanks ,11,1
5,second time buying like that product to help oral hygiene ,10,0
5,second purchased fast delivery and items received in good condition,9,0
5,have not tried yet gotta use it for soldering pipe  electric hot air heating gun dual temperature  4 nozzles power tool set 2000w variation green eu 220v ,27,0
5,received in good condition,8,0
5,items received after 4 days and are packed nicely without leakage,11,1
5,tested all ok and good remember to screw uptighten up properly and tightly before turning on the tap no instruction given just try and error ur self should solve the leak problem for the price its really worth it but i dont think it will last long as its made of cheap plastic delivery long,55,1
5,received in very good condition expiry date in 2022 and thanks a lot for the free samples ,17,1
5,cute socks for the price arrived via normal mail in approx a week would recommend ,15,1
5,fast receipt and in good order ,6,0
5,item received in great conditionand fast delivery too thank u so much,12,0
5,super fast delivery ,3,0
5,decent timing for delivery the quality seems good despite the price its a little big for my daughter but i will wait it out to wear it for her will definitely order and recommend seller thank you ,37,1
5,yet to try but really cheap and affordable thank you so much,12,0
5,delivery was prompt and i managed to receive the item within a week item was also very well packed and secure,21,0
5,as per pic very comfortable looks good when worn strongly recommend for the price,14,1
5, delivery was pretty fast but its because i had to pay 150 for it ,14,0
5,package arrive in good condition,5,0
4,ordered 9 june arrived 19 june seller shipped out item really late took like 5 days to ship had to extend shopee guarantee but ninjavan was quick on delivery after,30,0
5,delivery was fast received as described seller is friendly and reply promptly ,12,0
5,lovely exactly like the picture received very quickly in mail with other earring i ordered ,15,1
5,fit me perfectly two pockets which come handy  its cotton material ,11,1
5,good cable long enough for my camera good packaging took sometime to come ,13,1
5,fast delivery and item received in good condition cost less than 102l after discount best deal so far,18,0
5,fast delivery good quality and sturdy ,6,1
5,fast delivery item quality looks good magnet was strong,9,1
5,dont need an amp to practice  perfect and very portable,10,1
5,pls give me a 5star review also,7,0
5,happy with the product delivery is okay overall will buy again ,11,1
4,very fast delivery and easy to use ,7,1
4,oversized  material quite thin can see thru under the light,10,1
5,looks good havent tried it yet,6,0
5,nice colour ,2,1
5,item recd in good order food item got abt 67 mths shelf life,13,0
5,received in order  good condition whole family waiting for these ts  same design,13,0
5,im enjoying it my first bluetooth earphone cant make any comparison with others ,13,0
5,easy to use very fast and fool proof expires in october haha will buy again,15,1
5,fast delivery and material is good fits the large puku bath tub,12,1
4,item received as displayed took a long time but anyway its overseas during c19 quality soso,16,1
5,item cake as per description  ,5,1
5,product is smaller than expected,5,0
5,receive and look same us the pic cannot wait to use and tk abt 1 week to delivered ,18,0
4,ok ,1,1
5,recommended by my friend worth buying if finished m will buy it again ,13,1
5,just received nicely packed yet to use hope it work as advertised,12,0
5,receive it in good condition with nice price as well tks seller ,12,1
5,repeated order plants always fresh and healthy fast delivery thanks seller ,11,1
5,item delivered just the container crack thanks,7,0
5,everything received as per description fast delivery thanks,8,1
5,very good mouse worth the 11 promo slightly thin and small compared to other gaming mouse might have to really see if the fit is right to your size as my friend with a bigger hand finds it too small for his liking,43,1
5,item was well packed in a carton box have not tried it yet hope its good,16,0
5,case is really pretty and quality is good as well good but overall ,13,1
5,broom came broken but seller immediately replaced great customer service ,10,0
5,overall is gd ,3,1
5,delivery took a week or so long expiry date sastified items came in bubble wrap,15,0
5,looks exactly like advertised the ear piercing a little dented but still can use ,14,1
5,material is good  cute,4,1
5,delivery was prompt code was authentic good value and customer service,11,1
5,nice thanks,2,1
5,item received in good condition hand written note and a few free stickers were a sweet touch would buy from them again ,22,1
5,send in box good condition havent tested yet hopefully its last long,12,0
5,thank you seller exact to pic v comfortable will buy again,11,1
5,item very well wrapped to prevent accidental scratches fast delivery too thank you,13,0
5,delivered within 2 days couldnt ask for more as advertised with the freebies coming out of from home finally after sg cb phase 2 finally announced burn some calories in the coming weeks,33,0
5,hand cream smells really nice and dry fast delivery is also really fast despite that its mailed from korea will defo buy again  ,23,1
5,items came in good condition very easy to install able to fit kitchen tap and also bathroom shower head stand seller also gave two plastic resealable clips as free gifts thank you,32,1
5,received in good condition no dent at all the plant really cute im in love with it recommended thank u seller ,21,1
5,got it the next day thank you so much thumbs up for seller for quick delivery ,16,0
5,good quality thanks ,3,1
5,very good product  everything was wrapped safely and all are well made  will buy from them againnn ,17,1
5,fast delivery  good fit,4,1
5,goodfddddddddd but slowwwwwwwwww haid ans no stock should say ,9,0
5,look at my floor so bright and clean thanks for the help ,12,1
5,received in good condition thanks sellers for the key chain ,10,0
5,received in good condition very cute and nice colour,9,1
5,the size a bit smaller than usual 36sz maybe because its not starchy enough but overall i like it might order 1 size bigger than usual panty very comfortable ,29,1
4,this set is quite worth it expiry is ok but noodle came all crushed so quite disappointed delivery took quite long too,22,0
5,speedy delivery will repurchase  ,4,0
5,second purchase colour exact to picture item was well packed as usual but this time singpost delivery via normal mail was really slow ,23,1
4,string abit too short,4,0
4,not bad arrived frozen however delivery was on monday evening instead of tues morning which i specified,17,0
5,best selller ,2,0
5,delivery was prompt the products are wrapped safely in a bubble wrap the products expire 3 years later and manufactured recently,21,0
5,received fast well packed best deal so far will buy again,11,1
5,item received in good condition friendly delivery lady cant wait to try thank u,14,0
5,fast and efficient received in good condition thank you,9,0
5,well packed and authentic product,5,1
5,fast shipping from korea received yesterday and its in good condition thank you seller,14,0
5,thankyou seller for the free gift  expired on 2023,9,0
5,wow ordered for my husband n son n i m v pleased with the quality for this price my son love it so i m here to reorder somemore ,29,1
5,surprised that iem received earlier than expected and with samples too thank you so much,15,0
5,colors vibrant than expected,4,1
5,love itthanks,2,1
5,good deal hope more good deal coming up,8,1
5,item was delivered promptly even during this covid situation it was properly packaged no dents the tray was thicker than i expected worth the price the wire rack perfectly fits my 10l oven thanks,34,1
5,well received the item today yet to open up n check hope it will be good,16,0
5,packaging was protected came in good condition it provides the sticker for dust removal and the wipes for removal of hand prints ,22,0
5,item arrived great fits perfectly matte finish like material ,9,1
5,fast delivery received in good condition bubble wrapped after 2 days seller messaged me on the day i ordered to inform me that the item is sent out received 2 free breast milk storage bags as a gift as well,40,0
5,colours exact to pictures soft and comfy to wear the stamp on the front cannot be removed but i dont mind it ,22,1
5,yet to try hope it works very small pack delivery quite fast ,12,0
5,come in good condition and fast delivery,7,0
5,good case ,2,1
5,the cake was super delicious thank you ,7,1
5,nice design and colour phone great spec at affordable price,10,1
4,the mesh came wrapped up and only slightly harmed at the sides overall good product,15,0
5,take sometime to receive else y everything id good as it is,12,1
5,well received with fast delivery within 2days thank you seller will purchase again thank you,15,0
5,finally received the parcel good condition,6,0
5,v good mopping becomes a breeze luv it highly recommended ,10,1
4,possibly the next best long pants i have ,8,1
5,supposedly 3 eggs inside but it was so air tight that it looked really small,15,1
4,expiry nov 2020 first time trying ,6,0
5,recieved in good condition can use this to take apple and potatoes peels,13,0
5,penghantaran yang pantas dan bungkusan yang amat baik akan order lagi o,12,0
5,items as described very shiny and nice,7,1
5,good product arrived after 2 weeks plus acceptable in this covid19 period ,12,0
5,items received safely an in good condition my second purchase its a useful items,14,1
5,fast delivery and friendly service  ,5,0
5, foldable laundry basket laundry basket storage basket household fabric storage bucket bathroom dirty clothes love the design of the laundry basket its steady and true to picture quality of the laundry is good and the price is reasonable will definitely buy again thank you for the fast delivery,48,1
5,not the material i was expecting but it still look good,11,1
5,receive in good condition even though one of the plastic glassware fall out from the broken plastic,17,0
5,some issue with the shirts but seller is fantastic  good service recovery overall pleased with the buying experience will buy again definitely,22,0
5,the small size just nice to place on top the plants ,11,1
5,super duper cute designs will be getting more in the future love it,13,1
5,love the items and the way the seller post it out ordered 3 tempered glass for front and a tempered glass for the back camera seller placed all the glasses in a styrofoam box and post it out great job to ensure items reaches me in good condition,48,1
5,received within 23 weeks by normal mail bought it during 099 flash sale quality is acceptable,16,1
5,item received in good condition it works perfectly but have to update manually for payloadbin via pc jig works fine overall im satisfied,23,1
5,fast delivery packed nicely,4,0
5,items well received delivery was fast too,7,0
5,repeated purchase convenient and easy to use when you need to clean surfaces or objects delivery was fast as usual think its my third order from the mart love how convenient it is to get everything online and delivered  ,39,1
4,great and will buy again,5,1
5,instant use  will buy again if needed,7,1
5,looks authentic and ninja guy good service too items not wrap in bubble and put it in box box looks fine ,21,1
5,item received yet to use its sure useful cut my kids hair and to use hair dye for myself,19,0
5,it looks very nice and is exactly what was advertised giving to ppl as gift ,15,1
5,exactly as per picdelivery cane 5 days after ordering,9,1
5, many repeated orders on this product  happy  satisfied will be back ,11,1
5,great seller even pack in a mini wasabi almond pack delivery was fast and smooth ,15,0
5,fast shipment and goods received in perfect condition,8,0
5,parcel was wrapped properly time taken to deliver was about a week or so which is fast considering theres a pandemic there were no dents on the boxes thank you ,30,0
5,good purchase material is soft and breathable fit my childs face securely thank you ,14,1
5,makes a great lowcalorie lowcarb snack not very salty which is good seller even threw in a free gift of freeze dried fruits thank you ,25,1
4,ordered 6520 shipped 14520 received 18520 drawers relatively straightforward to assemble some drawers not so easy to open and close but still alright,23,1
5,the product is good this is 2nd buy,8,1
5,really soft grass nice to walk and sit on it ,10,1
5,looks good product ,3,1
5,fixed nicely and photo quality not affected,7,1
5,item received exact as eta thank u so much the kids love its so much,15,1
5,fast deliver so cute lipstick,5,1
5,received in very good condition seller was a very good man when went way beyond his usual to ensure my item was delivered i will come back to his store just for his customer service thank you jerry,38,0
5,very very fast delivery all items well received in carton box ,11,0
5,received item within a week cute shirts with good soft material,11,1
5,item received and it is the same as picture shows,10,1
5,item came in bubbly wrap registered mail thank you for prompt delivery ,12,0
5,all colours are nice and well packed thanks,8,1
5,item delivered fast within 2 weeks item of good quality and correct to descriptions and pictures on page worth the price value for money came in with clipper too for easy installation,32,1
5,bought during the 099 flash deal very worth it looks pretty and elegant suitable for any occasion  ,17,1
5,good quality and worth the price the prints are very cute  ,11,1
5,very happy with purchase both good quality and price but not sure how much weight it can hold ,18,1
5,excellent service and goods ,4,1
5,tested and proven quality,4,1
5,great for the price soft material,6,1
5,good quality and adorable,4,1
5,bought at sale looks really good thank you seller,9,1
5,item received in good condition soft and smooth material ,9,1
5,item received in good condition is very small taste wise is ok ,12,1
5,recieved it well condition havent try yet but hope its working,11,0
4,smaller than expected but i guess i can do smth with this too ,13,1
5,nice t shirt seems authentic good buy,7,1
5,order for the second time reached in good condition no hassle thank you ,13,1
5,my dog spoilt it within a day but delivery was fast and the toy is super cute ,17,1
5,fast delivery have yet to try but reviews seem good value for money too ,14,0
5,very nice food very easy to redeem friendly staffs to take orders and calls delivery guy also very nice and prompt will order again highly recommended ,26,1
5,these masks are definitely one of the most breathable ones to go out in easy to wash  dries very quickly downside is that the loops will wear off after about 2 months of consistent usage ,35,1
5,item received in good condition thank you,7,0
5,items well wrapped no leakage ,5,0
5,quite speedy delivery products delivered wellpacked with free samples too thank you ,12,0
5,smells sweet colour brighter than expected but overall is good not tried ,12,0
5,received in good condition and will be keeping for future use when need to,14,0
5,item was hot when received gravy and horfun was packed separately ,11,0
5,true to pic  ,3,1
5,order received one box has 12 so i received two boxes of red the i ordered 20 blues they were loose pieces but adequately packed in bubble wrap ,28,0
5,great quality and feels really nice to touch ,8,1
5,comfortable speedy delivery despite normal mail worth it,8,0
5,one packet came missing but seller offer me voucher to offset next purchase so reorder again quality ok my gal loves it ,22,1
5,reliable seller will continue to support seller excellent communication tks,10,0
5,ok thanks seller,3,0
5,books arrived very well packed cant wait to read them to my little one sight words set comes with a teaching guide as well havent opened sight words one as baby is only one month now,36,1
5,the dough cutter looks good i love the colour cant wait to use it,14,0
5,fast delivery from china japan export set thick bubble wrap but box still wrecked ,14,0
5,good customer service easy to use happy buy ,8,0
5,nicely wrapped hope its works per description  ,7,1
5,bag is smaller than expected but its nice  delivery is very fast ,12,1
5,seller gave a nice practical gift that came with the award winning for innovation ear piece well thought out design ,20,0
5,item receive fast but buyer no response ,7,0
5,lovely pencil case,3,1
5,2nd mobile purchase with them aaaaa seller,7,0
5,items as described have yet to use it delivery is quite fast too,13,0
5,nice and cute hello kitty the colour is bright and vibrant ,11,1
5,material abit thin hope doesnt shrink after wash overall seems ok,11,1
5,great deal high quality highly recommended,6,1
5,its very pretty the colour is so nice hopefully doesnt fade when i wash few times ,16,1
4,came in fast have yet to try it but size more to small,13,0
5,2nd day delivery ,3,0
5,very high quality n value for money,7,1
5,great seller and fast delivery thank you,7,0
5,inside bag opening hole is too small guess have to find something else that fit in the actual bag,19,0
5,item arrived without damagethanks seller for the item and courier for delivering the items fast during the covid19 cn,19,0
5,looks just like what it is in the picture item came nicely wrapped,13,1
5,as as picture ,3,1
5,received in gd condition great value buy  will purchase again this smells gd,13,0
5,item received in good condition well shrink wrap each drawer very clean good price and recommended for organizing wardrobe ,19,1
5,cute bowl design and fast response from seller would recommend,10,1
5,fit perfectly nice skirt and is comfortable,7,1
5,comfortable ,1,1
5,very beautiful and decent quality ,5,1
5,i have received in time and notebooks are as expected thank you for sticker gift,15,1
5,got lesser than current coverage disappointed ,6,0
5,very fast delivery took only 2days to deliver very cooling,10,0
5,everything was fresh and good  i started panicking cuz i ordered very last minute but they still came on time  thanks ,21,1
4,smaller than usual sunsilk conditioners as its only 450ml wished that it had bigger size,15,0
5,received within a week material is soft and comfy size is just nice its a good buy,17,1
5,received quickly and all wrapped in good condition good pricing,10,1
5,assembly was quite intuitive came with 2 plastic gaskets of different diameters for the clamp to prevent scratches on handlebar,20,1
4,hv just received bought twice good,6,1
5,the box was quite sturdy but i did not open it yet as i will be bringing it overseas,19,0
5,ordered on 3th received on 12th smaller than i expected but its really good for its price and the printing quality is good too,24,1
5,looks gd but small ,4,1
5,item received as describe havent try yet but it llols authentic and hope effective,14,0
5,nice tshirtbut not my actual xl sizehaha,7,1
5,happy with the purchase,4,1
5,extremely worth it for the price its a very portable form factor for its capacity and highly recommend it to anyone,21,1
5,second time buying  love how spacious it is  definitely very useful and worth your money ,15,1
5,first time buying this hair dye looking forward to see if the colour will turn out nice,17,0
5,omg the clip are so pretty and cute and item is packed nicely very nice i like it so much ,20,1
5,fast delivery n good condition ,5,0
5,received item promptly soft material so can add disposable mask in between,12,1
5,delivery was fast  it took about a week the shoes are comfortable ,12,1
5,item arrived in great condition no defects whatsoever bought it for my sister and she said that this product is really soothing for irritateditchy skin,25,1
5,great product and fast delivery service highly recomend,8,1
5,got the item within 14 days and came to my doorstep packed properly and when i opened it was in a sanitary and sterile package which o avery good and all the rollers are intact and ive already tried using it its awesome will definately repurchase ,46,1
5,order accurate and seller friendly thanks for shipping even tho theres virus going on,14,1
4,i like the chair is comfortable and i like it thanks,11,1
4,product was ok but price us a little too expensive for the size,13,1
5,item came quick and in good condition would definitely buy again,11,0
5,super protective casing to protect the screen protector and has many wipes to remove dust,15,1
5,quality not bad baked my first ever pizza highly recommend,10,1
5,very clear and no static sound good quality kids loved it,11,1
5,received in good condition can fit nicely in my sling bag happy with the purchase ,15,1
5,very nice colour hope that there will promo soon will buy again,12,1
5,ordered just 23 days ago and it came already taste good too,12,1
5,nicely packed havent tried yet but hope its good as it says ,12,0
5,delivery took a long time but item is good,9,1
5,item took about 2 weeks to arrive easy to assemble and looks like its description,15,1
5,nice  packaged well bought two at once ,7,0
4,functional and effective ,3,1
5,cowabanga ,1,0
5,super fast delivery within 2 days and all were packed nicely the products are all in good condition and i am happy with this purchase,25,0
5,delivery took a while but wow its worth the wait a picture speaks a thousand words thanks seller ,18,1
5,impressed really surprised that it came within 5 days despite circuit breaker period product works well,16,0
5,super cute sadly i didnt get the heart giant one regretting but overall super cute and high quality,18,1
5,shirts are really comfortable would buy again ,7,1
5,effective in preventing hair loss need take consistently tablet is big,11,1
5,its great tnx to shopee,5,1
5,second purchase and as usual extremely efficient delivery and items all arrived correctly and in great condition highly recommended ,19,1
5,received in good condition thin material but with this price its acceptable,12,1
5,quite a huge portion n came in a box quite fast delivery n very delicious n cheap cake worth the price n recommended pls try n u wont regret ,29,1
5,the bowl came in great condition love this product use it for baking ,13,1
4,only packaging looks a bit outdated overall ok,8,1
5,wait for a few days only  today received it at letter box  look nice ,14,1
5,the heat pack is good this is my 2nd time buying ,11,1
5,came fast good quality the colours are also great and is a bit lighter than normal kettles ,17,1
5,seller very proactive n good will surely order again,9,0
5,received in good condition nice quality thank you,8,1
4,testing it out ,3,0
5,item received relatively fast delivery fits nicely and doesnt fogs up because the top allows air in i wear specs also fit nicely on top of it will get more of the shield reasonable price for local stock recommended ,39,1
5,got this during flash deal at 588 received within a week safely wrapped in bubbles ,15,0
4,the books came just as expected missing a star as some of the books were just slightly dented but the rest were great,23,1
5,pretty and quite good for the price true to the picture delivery time was reasonable too,16,1
5,works with my samsung 40in smart tv,7,1
5,cheapppppppp thank youuuu happy with the purchasesssssssss fast delivery good deal,11,1
5,good quality happy with the purchase will get more in future thank you,13,1
5,fast delivery genuine product registered with apple store sg ,9,1
5,item well received however shipping took awhile almost 2 weeks plus,11,0
5,item received with the box dented but it doesnt affect the overall condition of the item happy with the quality with the price i paid,25,1
5,order only took 2 days to be delivered very efficient budweiser beer expires in dec so still got a good 7 mths to consume great purchase very efficient ,28,0
5,good value for money packaged nicely ,6,0
5,item is so small hoping its a bit big anyway my cat loves to play,15,1
5,nice cup,2,1
5,very fast delivery and great price will purchase again when i need them,13,0
4,all good just for the green tempered glass is faulty,10,0
5,received in 6 days quite fast indeed well packed and came with free sample and cute stickers value for the money too cheaper than retail  thank you seller ,28,1
5,surprised by the quality even comes with a tag will come back for more ,14,1
5,good quality bedsheet i love the design and would definitely buy again if i need,15,1
4,plastic quite thin flimsy,4,1
5,fast delivery yet to try fast delivery yet to try fast delivery yet to try ,15,0
5,perfect condition works ,3,1
5,shipping was pretty fast and items received in good condition seller was responsive and all would buy from seller again ,20,0
5,efficient service good food,4,1
5,ordered on 30th sep received on 4th octcute and quality not bad,12,1
5,item received well packed and in good condition quality is not bad comfortable for me to wear will purchase again if need thanks,23,1
5,really pleased with the product the material is thick and is a single piece theres even a cover for the charging port to avoid dusts from entering ,27,1
5,got my item item is exactly as per describe ,9,1
5,good cheap fast delivery good for buying will purchase again ,10,1
5,item came as expected nice print would recommend it to others,11,1
5,received the item with thanks delivery took abt a week to arrive hope its useful thank you ,17,0
4,the detergent smell very nice  the wipe was okay too just the cover cant close tightly and worried its will dry up easily after open ,25,1
5,nice material and quality fits nicely my second purchase love it,11,1
5,received the filter service was good ran out of the one i ordered and they gave a free upgrade thanks ,20,1
5,tested and both are working fine fast delivery less than a week ,12,1
5,delivery a bit long but product is of good quality suitable for toddlers,13,1
5,good quality items received well happy with purchase thank you,10,1
5,amazing material and what a great product  i got what i ordered and in good packing condition  sooner than i thought i will receive even though i ordered standard  hope it stays the same after the wash  thanks seller ,39,1
4,fast delivery yet to tey,5,0
5,very good mist is alot and can feel the smell love it thanks alot worth the money,17,1
5,tested battery first charged at around 1 hour suction quite effective for bed thanks ,14,1
5,loves to buy from this seller multiple purchase quality of the items is good for the price ,17,1
5,came well packed in a box have yet to try it but looks really good would purchase again ,18,0
5,the product original and safe packaging ,6,1
5,adidas logo is very ugly and there are spelling mistakes for the tag at the sode of the pants not worth buying very horrible design ,25,0
5,items well received thank you for the many samples ,9,0
5,very good items tested the items performed as what it described fast charging can feel good quality product good finishing now i can fast charge my ipad pro unlike the original charger which charge at its normal speed i would highly recommend buy recommended my sister to buy as well,50,1
5,fast delivery  with free gift  hopefully its nice  thank you,10,0
5,the smoke variant is on the left and redblack is on the right redblack looks cooler to me,18,1
5, love the set zips has no issues  ,7,1
5,a bit small on my head can fit on my 4 yr old though ,14,1
5,my 2nd piece  fast delivery,5,0
5,like the mild grapefruit taste of this soda 0 calorie makes it even better will purchase other flavor once i finish this time round singpost did not just leave the package outside my door delivery guy rang door bell,39,1
4,item came with bubble wraps but theres a small scratch on the packaging ,13,0
5,overall satisfied and thanks for the freebies,7,1
5,came after 8 days now installed thanks seller fast delivery recommend,11,1
5,very slow delivery took a week locally for delivery product is good ,12,1
5,it is good but it is broken because i broke it but it still works ,15,1
5,hopefully this one is better than the 2d bought the 2d one and managed to get a deep scratch on it ,21,0
5,gd quality breathablei like itwill buy again ,7,1
5,fast deliver as usual  ,4,0
5,taste not bad the shaker is pretty useful as well q filling,12,1
5,very responsive and received the etickets in minutes ,8,1
4,ordered on 24 april and received on 13 may be prepare to wait for around 3 weeks to receive your goods worth the wait though best black coffee around would have given it 5 stars if they didnt make me waited so long,43,1
5,better than i expected after reading some reviews  received item in good condition and it was quite fast too,19,1
5,first time getting from this seller delivered with 34days all items look not bad thanks,15,1
5,very cute baby attire as pictures,6,1
5,great quality very happy with purchase will buy again,9,1
5,delivered in good condition and all in a piecefixed in ,10,0
5,expiry 2022 so fresh stock arrived with good amount of samples and well bubblewrapped ,14,0
5,bought during flash sale convenient and suitable for family size of 3,12,1
5,love it super pretty bought it on flash sales so its really worth it delivery was quite long as it was sent by post ,24,0
5,happy with purchase very cute and cuddly good for babies,10,1
5,item came as exact in the picture  quality is comfortable and not too thick  very comfortable ,16,1
4,different from what i bought previously from the buyer directly from shop a year ago the one i received is wo liniq wordings whereas previously there is,27,1
5,order received looks pretty good quality feels good too will repurchase if need,13,1
5,quick delivery and this is my 3rd buy good and quite fast charging although there is no fast charging function ,20,1
5,got what i ordered another satisfied customer ,7,1
5,compact i have tried to tighten my spectacle it work well love it ordered on the 28 april and received on the 17 may,24,1
5,very pretty gloss good for cool tone skin gloss smells like mint and i think it actually gives a plumping effect delivery was fast took 3 days but the forwarder doesnt provide status updates until item is at their hub,40,1
4,box abit dented when receive but lighting is good thanks,10,1
5,item received in good condition love the game will buy again ,11,1
5,quick delivery product came in good condition only thing is the depth of the cover is unable to protect the camera lens better to get a separate lens protector for those who might be keen on getting this cover ,39,0
5,have not try yet looks ok  thanks ,7,0
5,works wonder first wash i use 2 cubes as per instruction and use tub clean and i can see the dust floating in the water when its cleaning ,28,1
5,one of the besttasting potato chips around highly recommended,9,1
5,my baby girl loves it so much thanks for the fast delivery appreciate sellers response ,15,1
5,bought cooker bear and pineapple design they are cute and fit in easily,13,1
5,great delivery speed came with free gift also  very thoughtful seller 5star,12,0
5,items are all bubble wrapped thickly to prevent leakage thumbs up for the detailed packaging,15,0
5,item well received first time purchase hope is good,9,0
5,havent try yetfast deliveryworth the moneythank you,7,0
5,items in good condition and working fine thank you,9,1
5,fast delivery and arrived in good condition will purchase again if needed,12,0
5,received my parcel fast and in good order great seller will try out if it works for me  ,18,0
5,came with samples very fast delivery highly recommend  ,8,0
5,received items in order yet to try thank you for the flash sale ,13,0
5,mask is perfect for my 25yo and its reversible delivery was timely as well thanks ,15,1
5,quite different from other jerky it is rather oily amd not salty although it is tasty seller is very responsive shipping is prompt ,23,1
5,received in good condition much wowz nice heat and vibration,10,1
5,filter is authentic and came within 2 days very efficient thank you,12,1
5,received in nice packaging and friendly delivery guy the cookies yummy however slightly sweet for my taste bud,18,1
5,item received with good condition and fast delivery too thank you ,11,0
5,seller is so kind  patient to help me to check if product will be restock  etc thankful for the sticker received in great condition  its beautiful  love it ,28,1
5,as advertised fast delivery convenient with mobile phone always by your side ,12,1
5,one of the fastest shipping got it less than 24 hours for the delivery thank you for the services the mask is quite comfortable as wellthe ear loop is quite elastic for long day wearing,35,1
5,good and fast delivery have been using this for my babys clothes since day 1 ,15,1
5,item received in good condition the material is soft and light good for hot weather image taken is front and back yet to wash so dont know after washed ,29,1
5,good buy all import from taiwan very nice a d fresh recommended highly recommended highly recommended and good product good prices uploaded picture for your reference please go ahead if interested ,31,1
5,steps a little thin but still able to take my weight value for money hopefully able to last,18,1
5,great colour  and fast delivery ,5,1
5,delivery was slow items received in good condition thank you  ,10,0
5,material not very thick but serves the purpose good purchase,10,1
5,received  good ,2,1
5,awesome we love it fast shipment packed well works great lovely lights good speakers really surprised us awesome awesome awesome thanks seller,22,1
5,these are adorable i love them very very nice received well packed well thank you so much will order more soon ,21,1
5,received safely,2,0
5,lovely and soft a little small but seems to be able to do the job well,16,1
5,quality essential oils made a few purchases items are well packaged and seller is really friendly free glass vial and funnel for the essential oils too thank you,28,1
4,quite thin material ,3,1
5,cheap price compared to outside market fast shipping ,8,1
5,very good quality like the picture good value very happy,10,1
5,nice quality is good delivery ok cant wait to try,10,1
5,happy with purchase ,3,1
5,the item is good its suitable for girls thank you so much ,12,1
5,this is very qualified watch good quality nice details and heavy good seller good shipping safe and carefully packed top notch,21,1
5,matches my apple watch perfectly the magnet is very strong and the strap feels comfortable,15,1
5,delivery was very quick and process was smooth,8,0
5,fast delivery and item came well packed includes a little free gift too works well ,15,0
4,excellent fit good material and finish might do better if packed in a hollowed roll slightly bent two of these,20,1
5,delivery was considered fast given current situation and ships from china quality of casing and screen protector is really good and worth it 2 screen protectors provided as mentioned and super easy to install case is sturdy and has slots to insert game cartridges too well packaged for delivery,49,1
5,see photos attached pleased with this buy cheap but acceptable quality need to stick properly be careful its very hard to remove once you paste it,26,1
5,never disappointed with their wet wipes thick and good,9,1
5,receive the item in good condition receive the item in good condition ,12,0
5,super easy to use dont have to queue at the counter after immigration anymore ,14,1
5,item came as per description small and nice to use to clean baby,13,1
5,item arrived well protected and in good condition repeat purchase,10,0
5,the coffee not that strong if a little bit more coffee will be good,14,1
5,prdered 2 pairs at one go material is thick which is good however it wasnt packed in a plastic bag so i feel its unhygienic plus the yellow looks very dull not bright overall was pleased thanks,37,1
5,shipment is very fast product quality is very good,9,1
4,ordered two exact same note 8 screen protector but design came in diff contacted the seller to double confirm if the protector is for note 8 and seller responded fast so apparently they have 2 diff design for note 8 protector yet to try ,44,0
5,very nice but need to size up,7,1
5,cheap and good works well delivered within a week ordered 1 black and 1 gold mount comes with plate 2nd plate stuck on phone already ,25,1
5,great quality same as picture recommend to buy love it ,10,1
5,received bubble wrapped in good condition yet to try fast delivery,11,0
5,item was ordered on 10 nov and received on 19 nov item received as expected havent tried though ,18,0
5,good quality and received in good condition,7,1
5,fast delivery ordered and received next day good service better quality than buying in the market will not look further anymore to purchase thank you,25,1
5,my 2nd purchase 20 set on this item is nice to use it buying to give friend all love it,20,1
5,bought my size but still small should buy one size bigger than your original size thanks,16,1
4,decent quality bag i just received it today so havent tried it out yet hopefully it will stand the test if time not sure if itll fit my belt it is quite small but the shape is cool ,38,1
5,the milk bag is soft type and very easy to store delivery was very fast will buy again,18,1
5,this is my 3rd purchased very powerful power bank but abit heavyweights better than other remax pro 30000mah model highly recommended fast delivery service n cheaper that other sellers,29,1
5,fast packaging and delivery ,4,0
5,had some issue but shop was fast to reply not bad ,11,0
5,good product quality and fast delivery always buy whenever it finish,11,1
4,the material is rly soft the colours arent that clear but its still pretty ,14,1
5,delivery is quite fast considering its from overseas ,8,0
5,do visit our page we have a variety of female accessories ranging from rings earrings necklaces and more   minimalistsg ,19,0
5,product seems rather sturdy fast delivery,6,1
5,fast delivery and great service all items received in good condition highly recommended thanks a lot,16,0
5,i have received the items by courier mail all items are in good condition price is reasonable too ,18,1
5,power n very good packaged well n in good condition surprisingly came with gift,14,1
5,came the next day after ordering really good quality its wetter than jeju will buy again if the price is around jejus old original price ,25,1
5,fast delivery free samples too ,5,0
5,package well packed and fast shipping ,6,0
5,very good easy to fix a bit loud but fan is stable and windy adjustable stand length is easy to change also,22,1
5,took around 1 week to receive product had no damage because it was bubble wrapped very carefully,17,0
5,fast delivery order today then received the next day i like the sweet taste worth the money thank you,19,1
5,thanks i recieved,3,0
5,fast delivery quality with no defect even come with simple wrapping will recommend,13,0
5,item came in good condition and fits well on me  thank u ,12,1
5,delivery was good call before reaching yet to test,9,0
5,bought for hubby as he is essential service and need to wear mask whole day and it can be quite painful for the ears,24,0
5,i love it so much its quite stretchy which i like alot should buy bigger size than what you measurewant because there could be some difference,26,1
5,abit tight but apart frm that its okay haidididkidkdododod,9,1
5,good,1,1
5,looking good hope they would fit my boyfriend,8,0
5,box was badly dented but item inside was ok a bit ex though ,13,1
5,delicious fried chicken from monga fried chicken in singpost centre esp the nuggets thanks for the great deal during promo ,20,1
5,still one of the better dry shampoo ive tried like the scent of this,14,1
5,received in good condition item was well wrapped it is cute and not flimsywill buy again ,16,1
5,item received same as picture quite fast delivery thanks ,9,1
5,delivery very fast good product,5,1
5,very fast and prompt delivery by seller hope this works for my skin ever since the mask wearing ,18,0
5,very comfortable to wear recommended,5,1
5,item received thank for the super good tape  will buy again ,11,1
5,item received well packed with bubble wrap good product my kid loves the lights ,14,1
5,for less than 15 the shoes are feels good for brisk walkinglightweight  love it,14,1
5,padding is thick like what is mentioned in other photos im 16m 606kg and 36b would recommend size l for a more comfortable fit ,24,1
5,fast delivery and packaged very nicely lid was wrapped in plastic wrap,12,0
5,delivered quite fast despite current conditions colours look v good too ,11,1
5,fast delivery and good condition will buy again ,8,0
5,received items in good order took quite a while since cb period ,12,0
5,ok with the price paid hope it can last after wash,11,1
4,good product quality fast shipping second purchase seller always put a keychain at each short,15,1
5,i think is ok abit right still elastic wear as underpants so should be ok,15,1
5,ordered received dress is good and very comfy thanks seller,10,1
5,received a day after ordering seller do message to confirm delivery date and time red bean buns are soft and larger in size seller gave freebies buns of different flavours thanks seller,32,0
5,size of the base product is good for beginner ,9,1
5,the product is look good and the material is good and it come with good condition the size just nice not too big and not too small this is really high waist panty,33,1
5,good very good value too buy during time sales thank you seller,12,1
5,great quality the material is v nice and soft shipping took around 3 working days the mask is also quite big and fits comfortably ,24,1
5,product received undamaged very bright light when first put in battery ,11,1
5,item received but havent try got small extra gift ,9,0
4,received tickets very fast however maybe the officer in river safari didnt understand the tc have to pay additional price for amazon river boat which suppose included in the tickets wth,31,1
5,great quality and true to picture will purchase again for friends and family ,13,1
5,love the dress the material is good no complains,9,1
5,finally can make dalgona coffee without tiring myself out love it ,11,1
5,super fast delivery and things are well packed in the carton,11,0
5,surprised by the fast delivery good service have yet to try quality seems good when touch for 800tc ,18,0
5,did not have user manual but overall nice,8,1
5,item well received material is super comfy and soft the size is just nice,14,1
5,fast shipping and good packaging items came as expected and were not squashed recommended ,14,1
4,not bad for this price fan wind is strong and the more cooling you want the more ice you have to put,22,1
5,same as the top review because i bought everything together,10,0
5,next day delivery nice that it came in a box as it is a gift recommended ,16,1
5,i got exactly 50 pieces thank you seller for fast delivery  ,11,0
5,fast delivery and good product thanks to seller is recommended and trusted ,12,1
5,recommended going to change to this instead of my old highly raved sunscreen shipping was efficient on sellers end but sgs side is kind of slow,26,1
5,delivery took a week nice product and very cheap got during flash deal,13,1
5,considered cheap and fast delivery thanks,6,1
5,good quality and great price cheaper than i bought in daiso and better quality ,14,1
5,very good product delivery about one week,7,1
5,received within 3 days of purchase and packed nicely  thank you,11,0
5,looks very cute material seems ok however product was stuffed into the plastic bag carelessly and looks messy ,18,1
4,do not know why there are some dirty stains on the cloth delivery is fast ,15,0
5,item received in good condition glad that it fits nicely into my graco pack n play playpen,17,1
5,delivered in abt 1 week item is in good order  value for money ,13,1
5,order received well thank you for the secure packing and good product  ,12,1
5,at last delivered quit delayed by speedpost suppose to be express delivery scoop is big very hard plastic good sure last long,22,1
5,just as what was advertised thank you seller,8,1
5,so cute  pretty just like in photo smooth  thin material perfect fr sg weather definitely purchasing again,17,1
5,i ordered transparent case its fit my apple watch 38mm well  and now i no need to worried about scratches on the screen  highly recommended very good quality at super cheap price will repeat the order again ,37,1
5,great product to try different flavours acceptable delivery recommended seller thank you ,12,1
5,love it so cool thankyou so much ,7,1
5,6th time buying from seller but delivery was way slower than usual but i still like the quality of the bags looks real  thanks seller,25,1
5,well packed well received ,4,0
5,parcel safely delivered to my doorstep 1 week after order date fast delivery bubble wrapped and no defects found thank u,21,0
5,repeated orders fast delivery,4,0
4,thank you seller fast delivery and not bad quality merry christmas  everybody ,12,1
5,item works value for money just have a strong smell that cant seems to wash away,16,1
5,well received with thanks colour is nice  material is comfortable ,10,1
5,cool when you wear itjust nice to fit for hubby,10,1
5,so glad that it arrived even though its preorder considering my led light order didnt arrive its a good space saving table so its very much worth it,28,1
5,fast delivery items received in good condition and ok for the price paid,13,1
5,same as advertised fast shipping too good value,6,1
5, reiceived in good condition and quite delivery fast,8,0
5,material is thick worth the money paid the color and design are good ,13,1
5,iitem received as shown smooth and fast delivery thank you,10,0
5,fast delivery items come perfectly wrapped even box is not dented,11,0
5,received product in good working condition ,6,0
5,fast delivery and nicely packed looks good but my hamster seems to be quite picky ,15,0
5,in safe packaging  no fancy paper bag or marhens j paper bag z,13,0
5,good good cute cute flower pop up holder fir cuties ,10,1
5,very quality,2,1
5,great product but have not used it yet so hope alls good when using,14,1
5,as per describe  fast delivery ,5,1
5,very fast delivery and free gift received,7,0
5,good its clear and came as per description looks simple ,10,1
5,good price,2,1
5,fresh food at door steps have been patronising for 3 years really thankful for mr tan and qqmart team for making my groceries shopping much easier ,26,1
5,i was surprised at how fast the item came looks good yet to install on my guitar and try ,19,0
5,fast delivery and great deal during flash sale wishtrend always are generous with their samples,15,1
5,item with parts well received excited to give it a try,11,0
5,ordeted on 16th and received today it was well wrapped thank you seller looks same as the picture have yet to open up for use so unable to comment yet,30,0
5,okokokokokok good for price paid can buy again,8,1
5,very nice dress love it very much that i ordered a second piece army green,15,1
5,received in good condition shipping expected to be later than usual given current situation thanks seller,16,0
5,the delivery was fast and responsive  will order more next time ,11,0
5,item come with bubble wrap protection delivery time was good seller gave a small gift much appreciated ,17,0
5,love it easy to wear been wearing since day 1 of confinement breathable it doesnt roll up delivery was fast item came as expected ,24,1
5,fast delivery but yet to try the product ,8,0
5,slightly dented fast delivery purchase not for fussy buyer ,9,0
5,fast delivery item worked as stated very happy with purchase,10,1
5,bought on 17 may shipped out the next day received in a week have not tried it yet expires in 2023 overall satisfied with the purchase,26,0
5,item came in a double bag yet was still dented in the corner however the item was in working condition so overall no complains ,24,1
5,trying to grow some onions to get spring onions looks good ,11,1
5,delicious did not disappoint box was a bit wet because of the rain  but pie remains intact and good ,19,1
4,order received not yet try hope it can be working well  thanks ,12,0
5,prompt delivery quality not bad quite stretchable,7,1
5,order received not bad size just right to me thanks,10,1
5,item is correct receive in good condition thank you everybody and the delivery person  very fast delivery thank you very much ,21,0
5,50 pcs 3 ply surgical masks received in good condition 2 days after ordering fastest delivery on shopee good quality breathable disposable surgical masks that are reasonably priced  cheapest in the market during flash sales,35,1
5,happy to receive items have used before good products,9,1
5,tested in working condition thanks ,5,1
5,my second order as its good good quality and fast delivery highly recommended ,13,1
5,cant wait to wear it the length and material is just nice ,12,1
5,received i good condition  well packed,6,0
5,very fast delivery the training rope look nice the length is okay great deal might purchase again in the future,20,1
5,delivery is quite fast and items are nicely wrapped and protected even came with free calendar thanks a lot,19,0
5,my wife and i loved it will be buying more in the future ,13,1
4,received the clothes with good condition thanks seller,8,1
5,received the product super fast  at least 2 weeks earlier than i expected the stirrer has a nonslip coating so its really nice to hold tested  it works very well highly recommend this product,34,1
5,looks nice but abit too thin as they other reviews mentioned lets hope it last for awhile delivery was fast less than a week after i ordered,27,1
5,ordered on 16 may received 27 may food quality and quite thick,12,1
5,well packed professional seller shipped in green polybag and bubble wrap ,11,0
4,fast delivery order on saturday and received on tuesday ,9,0
4,the items appears to be of reasonable quality ,8,1
5,received in good condition good deal during flash sales thanks,10,0
5,seller is very friendly and accommodating she mailed the items out the next day and update with a photo delivery was fast despite the current situation item is also to my expectations ,32,0
5,add on delivery charge will be good if cheaper,9,0
5,soft material suitable for sg weather ,6,1
5,quite good material item as described ,6,1
5,repeat order machine is not as effective after some time but definitely worthwhile as we can buy many sets and itll still be cheaper than other brands ,27,1
5,as advertised and is working well delivery time is acceptable too ,11,1
5,nice bag love the compartments only down side is the strap is non adjustable ,14,1
4,the masks fits my 7 year old child but too small for my 10 year old child mask includes 2 filters happy with the quality in general,27,1
4,well received item nicely packed in a box it local delivery but still took about 7days to received it kinda slow was expecting within 3days since using ninja van but ship out late anyway taste good,36,0
5,fast delivery quality not bad hope it can last long thanks seller,12,1
5,delivery took a while due to virus but item well received and as described ,14,1
5,order received in very good condition very prompt service thank you seller ,12,0
5,well packed and well received in good time for an overseas parcel will buy again,15,0
5,items came in good condition smaller than expected but still works order again but in the largest size ,18,1
5,very good i like it maybe i should buy again next time,12,1
5,can see the result ,4,1
5,item received looks and feels flimsy hope item can last ,10,1
5,well bubbled wrapped  item received in gd condition ,8,1
5,ordered 20 may received 3 june via normal mail delivery considerably fast and thanks for the free gift keychain cap adjustable can fit adults and kids too great buy  ,29,1
5,so so not worth to buy,6,0
5,ordered on 186 received on 266 item is delivered ssfely true to the picture ,14,1
5,cheap and good quality ,4,1
5,good product please buy ,4,1
5,delicious as usual repeated buy as seller never fails to keep up the quality of the durian he sells and trusted to buy durian from him thank you for the goodness,32,1
5,material is quite thin but overall i love the design and colour super cute but quite long sleeves ,18,1
5,works well but battery usage level is short and sound quality isnt the best but for the price im fine with it i usually use it when im doing chores at home but if youre looking to use it in public just stick to your normal earpiece or work harder to get the legit airpods ,55,1
5,received items in good condition though delivery was a bit slow although the sizes are different when i received them they are soft and feel comfortable when wearing will purchase more from this seller once my socks wear out ,39,1
5,fast delivery ordered on monday and received it on wednesday arrive in good condition nice packing tested the product and it is working well happy with the product,28,1
5,item well received and delivery was considered fast received within 2 weeks will purchase again,15,0
5,prompt delivery item was well packed and received in good condition ,11,0
5,shoppee 1 big prize is back shoppee 1 big prize is back shoppee 1 big prize is back shoppee 1 big prize is back ,24,0
5,received in good condition both products seems authentic,8,0
5,very fast delivery second time buying from this store people who stay in hot weather countries pls used this its good 1010  the smell its like baby powder,28,1
5,product received in letter box in good condition thanks seller,10,0
5,very fast delivery seller also threw in some sweets a nice gesture,12,0
5,quality is quite good its super cute and i really like it d,13,1
5,really happy with it order well received with thanks,9,1
5,item received purchased the third time item received in good condition ,11,0
5,heloo item received safely and thkz for the free gift ,10,0
5,quality good well received in great condition will purchase again if i needed thanks seller,15,0
5,rubbish product,2,0
5,item recieved in good condition fast delivery thanks seller,9,0
5,fast delivery well packed and good quality ,7,1
5,fits nicely no issues 2nd time having this with other designs thanks seller,13,1
4,the item is as per described cant expect much with the paid price ,13,1
5,fits me just nice althought the waist is abit tight,10,1
5,works well fast measurement ,4,1
5,using it on my balenciaga fits well fast shipping and good quality too,13,1
4,1st pic blouse nice but will looks superb for ladies with big boobs mine small 75b tho im big size so alot of space  2nd pic floral blouse fits nicely but shld have gotten 1 size bigger overall is good ,40,1
5,didnt wait too long for the item quality seems alright just that the blinds are a little sandy better to wash it before wearing it ,25,1
5,colours are pretty with pale pastel colours tho there are some random bright colours,14,1
5,very good quality will purchase again ,6,1
5,received quite fast product is as per description and works ok i need to practise more on its usage ,19,1
5,value for money ,3,1
5,item received as described quite sensitive and function well ,9,1
5,bought during flash sale and received very quickly nice flavours value for money will buy again,16,1
5,really fast receive  bank transfer takes less than half a day to receive through email  4th time buying from this seller  ticket cheaper than the usual price  if it works i will still buy from this seller  hes really nice too ,41,0
5,responsible seller and good product ,5,1
5,fast delivery 2nd bottle ,4,0
5,item received in good condition very sticky and hope it can hold well thank you ,15,1
5,received in incredible speed looks great yet to try them cant wait to use on my car armrest with torx screws,21,0
5,bought during the bazaar on behalf of a friend seems good quality worth the price,15,1
5,fast delivery very comfortable will definitely recommend it,8,1
5,looks good ,2,1
5,superb customer service and fast delivery ordered on tuesday night customer service message the following day to arrange for delivery on thursday between 7am to 11 am maybe can improve on the delivery timing to be a little later my mom waited from 7am and only received the goods close to 11am ,52,0
5,the clip is strong and good quality easy to use good value  ,12,1
5,the package was well wrapped with bubble wrap it is arrived within one week which is fast during this time tried it and it can actually crush the garlic quite well,31,1
5,easy to use accurate ,4,1
5,fast delivery and good quality value for money will purchase again,10,1
5,item received in good condition fast delivery cheaper than retail price ,11,0
5,item received in good condition i was not at home the delivery person from ninja van has kindly contacted me regarding delivery,22,0
5,received order in good condition timing is just ok despite of the covid situation,14,0
5,nice material good printing love it fit my son well my son is so happy to receive it worth the price paid will definitely buy it again thanks seller ,29,1
5,always a smooth process with this seller and give samples too ,11,0
5,received in good condition love the cover so much,9,1
5,not bad alternative option to philadelphia cheese ,7,1
5,fast delivery within 3 days washable and cheap during sale repeated purchase ,12,1
5,fastthank you,2,0
5,item was shipped out the next day after purchase  received in 7 days thru standard economy fast delivery value for money good product quality excellent service by seller ,28,1
5,nice fast delivery ,3,0
5,fast delivery quality acceptable not too hard for kids ,9,1
5,well received in good condition great for readstarting kids ,9,1
5,prompt delivery item received in good condition good quality and adequate brightness,12,1
5,no bubble wrap the machine is in good condition tested and work well,13,1
4,new set keyboard is a little small though roughly the same size as a 13in laptops keyboard,17,1
5,everything is fine but wrong color hmm,7,0
5,delivered 6 days after placing order with express shipping nice material,11,1
5,item was nicely bubble wrapped thank you for the free samples too ,12,0
5,super fast delivery received the items in 3 days and all are in good condition highly recommended seller,18,0
5,great buy both are adjustable as well which makes it great for me ,13,1
5,received item in good condition tks,6,0
5,product is great nice colour too,5,1
5,very impressed with the fast postage fits me well and material is breathable doesnt muffle my voice white kinda looks like surgical mask tho haha if there were sturdier ear straps and a nose wire it would be perfect alrdy pls restock the colours soon ,45,1
5,fast delivery unexpected items received within a week wrapped with bubble wrapper to avoid any leaking smell very good definitely will purchase again ,23,1
5,item received promptly in good condition the rose gold looks nice and fits the phone,15,1
5,cakes is small in dimension for 4 people buying for babies born in the month of november time flies will order again white rabbit remind us and being to our memories ,31,1
5,nice and receive good condition ,5,1
5,nice and fresh meaty and nicely cleaned,7,1
5,package was delivered discreetly packaging done well have out tried it out,12,0
5,item received in good condition seller make effort to bubble wrapping it to prevent damage size is just nice and good quality ,22,1
5,received in good condition packed securely induvidually ,7,0
5,very nicely wrapped and the product seems good yet to try thanks seller,13,0
5,the paper feel is awesome n love the texure ,9,1
5,very responsive seller the old one broken after placing order the seller helped to arrange very fast delivery bought the dual phone version tried already can work nicely with no swinging noise ,32,1
4,very fast delivery ordered on 30 jun and received it the next day item received in good condition havent use it yet but hopefully it will be good as what i have seen in the reviews very satisfied buy ,39,0
5,works as usual good quality cable ,6,1
5,fits js nice but the material is a little bit giving me plastic vibes,14,1
5,good item and this is my 2nd purchase thank you so much highly recommended ,14,1
5,battery changed successfullg and it works well recommmended buy,9,1
5,item recieved in good condition from korea ,7,0
5,the taste is very nice ,5,1
5,package arrived faster than expected items were buble wrapped well,10,0
5,didnt expect it to be this small  but delivery is very fast ,12,1
5,looking for local seller selling this ramen,7,0
4,good product but expensive for the quality received ,8,1
5,item was received well and delivery came relatively quickly within 9 days recommended,13,0
5,5th purchase as a gift good gift idea ,8,1
5,received a while back but finally got the opportunity to try it out now i was worried it wont fit but it does works as described thank you seller,29,1
5,received and my son love it ,6,1
5,exactly like the picture however it was too small as my dog is a little chubby  if your dog is quite fat for its breed then i recommend getting a size up as its adjustable i just took the bell and attached it to his other collar and then he destroyed the bell,53,1
5,a nice weight and feel when pressed down works well with my casio ctx700 model  super worth,17,1
4,finally received packaged nicely and cant wait to use it  only downside is long waiting time due to covid ,19,0
5,very cooling and comfy ,4,1
5,items received in good order items were dispatched promptly too the coin batteries were supposed to be shipped via normal mail but seller was kind enough to ship together with the other batteries via speed post ,36,0
5,delivery took about a week via ninjavan the taste of the drink is good and while i have not seen a big difference yet its still worth drinking since it has good ingredients and the drink is at a very affordable price seller included 1 free bottle and 2 masks thank you ,52,1
5,item well received and super fast delivery well packed with bubble wrap ,12,0
5,please let me win at least once,7,0
5,fast delivery product has long expiry date till 2022,9,0
5,this is the second order from the same seller the long sleeve t shirt is so comfortable to wear thank you seller,22,1
5,despite this cb period delivery was earlier than expected  ,9,0
5,it came perfect its really sticky  ,6,1
5,excellent product thanks,3,1
5,both t shirt looks ok to me now put to wash dont know if it shrinks cos i had an experience before  ,22,1
5,ordered on 19jul got it on 21jul speedy delivery product is an export set mine came from malaysia i opted for the 1year addon warranty,25,0
5,2nd time purchase very fast delivery ordered on 10 oct and received on 11 oct,15,0
5,the product arrived within 3 days expiry date shoes dec 2029 hopefully it is the original energizer battery ,18,0
5,nice but too many flours,5,1
5,item well received fast delivery ,5,0
5,true to what it says thick and cant see through good quality ,12,1
5,nice love it so much,5,1
5,ordered on 21 may and received item on 3 jun via standard economy service singpost normal mail my second purchase as the 1st one going to be a gift to someone  thanks to seller and singpost postman,37,0
5,nice my son like it,5,1
5,good to have value for money bought it during flash sales,11,1
5,item came bubble wrapped and sealed in a box box is in good condition and cream is well within expiry date,21,0
5,havent try using it hopefully it is long lasting,9,0
5,product is well received and the delivery was fast and efficient ,11,0
4,everything is good just cutting slightly small best to buy 2 size bigger for comfort,15,1
5,fast delivery all masks expiry dates are 2022 and 2023  cant wait to try them out,16,0
5,good product brightness is good like it very much thanks seller good job will consider to buy again in the future,21,1
5,items received in good condition delivery was quick too,9,0
5,doorbell received in well packaged and delivered on time thank you seller,12,0
5,great item with good price ,5,1
5,smell was strong upon opening but now not much smell already just putting for preventive measure ,16,1
5,items are well wrapped with bubble and delivered within 48 hours will buy again,14,0
5,the item is wrapped nicely seller replies on my queries normally thank you ,13,0
5,havent used it yet but it feels very heavy duty and good quality  no scratches or dents at all ,19,0
5,thank you value for money,5,1
5,came in a few days after i ordered heh loving the threads thank you ,14,0
5,very fast delivery items received in good condition the cream is quite moistful and feel good using it every night after toner,22,1
5,satisfied customer here,3,1
5,liked the design value for money item received in good condition ,11,1
5,fast delivery ordered 1st june rcvd 3rd june ,8,0
5,delivered well within expection and well packed sofa is comfortable recommended if wish to lounge on floor ,17,1
5,it came as per discription looks great and sounds ok too ,11,1
4,item received in good condition however the ink is not enough quite light to start off,16,1
5,item received well packed tasted and the overall taste is perfect for me glass jar is protected with another container will purchase again recommended seller,25,1
5,received with nice item and fast delivery also ,8,1
4,delivery time was decent the scrub smells good and skin doesnt feel dry after using ,15,1
5,came as described well packed with a little spatula great,10,1
5,fast delivery good size for babies quality is good affordable,10,1
5,love the taste of both flavour small but quite a number of seeds  definitely will order again ,17,1
5,item received in good condition and fast delivery ,8,0
5,good material hope is really absorbent happy with my purchase gooooood ,11,1
5,nice puzzle satisfactory,3,1
5,love the packaging makes the cartoons look even cuter thanks,10,1
5,my son loves this and its worth the price,9,1
5,designs given at random material is soft first time buying so dont know how it will hold up after washing and usage overall happy with the product and price,29,1
5,smaller than expected but i guess its fine probably just slightly smaller than uno cards havent got to use it hopefully can use whiteboard marker without staining it,28,1
5,order came in well secured thank you ,7,0
5,after the long wait of 1 month and 1 week at last received the vacuum love the strong suction got the same brand before but its only 9k power this is 25k power so far so good hope it last theres 1 year warranty thank you seller,47,1
5,nice thanks seller,3,1
5,4th purchase of this product from this store ,8,0
4,got it fast delivery thank you very much would consider again,11,0
5,good and responsible seller   nice products  got replacement of charm clip  pink spray mist must close properly if not will leak habent use white spray n oil yet  ,28,0
5,fast delivery nicely packed with bubble wrap havent tried it but thanks seller for good deal ,16,0
5,highly recommended item delivered as described speedy delivery thank you,10,1
4,smaller than expected  but recieved in good condition ,8,0
5,fast delivery received item within 2 days great value when coupled with shopee discount coins and coupons ,17,1
5,received in a good condition cant get radio channels after using the cable that claim can be served as antenna overall still worth it for the price paid,28,1
5,product quite thin but its ok  cant use for long walk thus wife use for short distance walking only delivery around 23 weeks,23,1
5,really cute and worth the money happy w the purchase thank you ,12,1
5,second purchase product is authentic and seller is very nice  ,10,0
5,fast delivery cheaper than retail,5,0
5,very good good price and quality is good plastic kind dun ned to worri cut your fingers,17,1
5,wrapped properly and good quality ,5,1
5,great service and product received as described thank you ,9,1
5,sturdy material,2,1
5,enjoyed the fish skin and enjoyed the additional discount even more  prompt shipping,13,1
5,mittens and booties are good but swaddle bag is not the best ,12,1
5,good and sturdy great packaging too ,6,1
5,delivery was quick strings are authentic really affordable ,8,1
5,delivered very fast and the ballon is clear and very cute,11,1
5,orders and get this free very delicious ,7,1
5,came as described pretty good quality for the price worth the buy,12,1
5,received items with thanks have not tried the item yet ,10,0
5,fast delivery simple to use the lowest speed setting is already very fast a very handy mixer that solves our dalgona cravings  ,22,1
5,looks comfy received pretty fast in mailbox hope its nice to use,12,0
4,well packed with lots of protection find that the knife is not very sharp ,14,1
5,i order black  red i prefer red ,7,0
5,fast delivery  and go to seller as always indeed the pressure from this water is good compared to mine before cant wait to use it ,25,1
5,delivery speed was good seller responsive bulb works recommended ,9,1
5,fast delivery received within 7 working days quality is really good for the price you pay look exactly the same as picture not rough on scalp good buy,28,1
5,fast delivery looks nice nice packaging received the product in a box within a larger box  ,16,0
5,fast delivery ordered on 2152020 n received on 2652020 ,9,0
5,received with thanks,12,0
5,very prompt delivery and response items neatly and hygienically packed inappropriate zipbloc my first time ordering,16,0
5,thank you very much fast shipping as well  received in good condition ,12,0
